Time,Drag Force
61959,137.14
61970,136.62
61982,138.02
61993,138.02
62005,138.02
62016,138.02
62028,137.85
62039,137.85
62051,139.78
62062,139.78
62073,139.25
62085,136.97
62096,137.5
62108,138.37
62119,137.32
62131,132.06
62142,129.78
62154,131.36
62165,134.16
62177,132.59
62189,128.55
62200,128.38
62211,128.55
62223,128.55
62234,129.95
62246,133.46
62257,134.16
62269,131.18
62280,130.13
62292,133.99
62303,136.44
62315,132.41
62326,132.41
62338,138.55
62349,143.81
62361,144.34
62372,144.51
62384,148.9
62395,149.77
62407,146.62
62418,143.28
62430,147.14
62441,149.42
62453,149.07
62464,147.14
62476,149.95
62487,153.28
62499,154.86
62510,155.38
62522,159.59
62533,161.87
62545,162.22
62556,162.4
62568,162.22
62579,162.57
62591,163.98
62602,169.06
62614,171.34
62625,174.68
62637,174.68
62648,175.9
62660,177.66
62671,181.34
62683,184.67
62694,187.3
62705,187.3
62717,186.43
62728,186.95
62740,187.83
62751,185.72
62763,184.85
62774,184.15
62786,182.39
62797,181.52
62809,182.39
62820,185.02
62832,186.78
62843,184.67
62855,184.32
62866,183.97
62878,184.32
62889,185.37
62901,188.18
62912,193.62
62924,196.6
62935,196.07
62947,196.6
62958,199.05
62970,203.09
62981,207.47
62993,208.52
63004,208.0
63016,206.77
63027,207.82
63039,210.1
63050,215.54
63062,218.17
63073,218.17
63085,214.31
63096,212.56
63108,213.08
63119,214.84
63131,213.78
63142,212.73
63154,211.5
63165,215.36
63177,215.36
63188,214.14
63200,212.56
63211,215.01
63223,219.92
63234,222.2
63246,220.62
63257,219.22
63269,222.55
63280,231.85
63292,236.58
63303,239.57
63315,240.27
63326,237.81
63337,236.23
63349,243.95
63360,251.67
63372,250.61
63383,250.44
63395,253.24
63406,257.1
63418,261.84
63429,264.29
63441,262.89
63452,263.07
63464,266.75
63475,266.75
63487,266.75
63498,271.66
63510,275.87
63521,279.38
63533,283.94
63544,287.27
63556,283.94
63567,282.53
63579,288.14
63590,290.07
63602,289.2
63613,295.16
63625,301.65
63636,307.44
63648,311.82
63659,317.26
63671,322.87
63682,326.9
63694,326.03
63705,327.96
63717,330.76
63728,327.43
63740,328.31
63751,337.78
63763,349.18
63774,356.19
63786,361.98
63797,367.77
63809,372.5
63820,376.18
63832,372.68
63843,364.96
63855,366.36
63866,374.25
63878,377.41
63889,375.83
63901,379.34
63912,383.73
63924,383.37
63935,387.58
63947,395.65
63958,393.72
63969,387.23
63981,385.48
63992,383.55
64004,380.22
64015,376.18
64027,369.17
64038,368.82
64050,370.57
64061,368.64
64073,355.66
64084,346.72
64096,348.82
64107,346.72
64119,334.97
64130,327.43
64142,328.48
64153,323.75
64165,311.65
64176,300.25
64188,298.67
64199,298.67
64211,292.18
64222,282.36
64234,275.52
64245,266.75
64257,264.47
64268,267.63
64280,273.59
64291,270.26
64303,258.16
64314,251.32
64326,255.35
64337,258.86
64349,254.12
64360,249.04
64372,251.49
64383,256.75
64395,251.84
64406,242.9
64418,237.64
64429,239.21
64441,245.7
64452,251.67
64464,255.52
64475,253.24
64487,245.53
64498,238.51
64510,240.62
64521,249.39
64533,255.52
64544,257.8
64556,257.8
64567,259.21
64578,262.71
64590,260.79
64601,255.52
64613,254.3
64624,262.19
64636,275.69
64647,278.15
64659,269.38
64670,256.93
64682,256.58
64693,264.64
64705,274.11
64716,280.08
64728,279.02
64739,274.99
64751,262.71
64762,258.68
64774,264.29
64785,273.06
64797,275.34
64808,275.34
64820,282.01
64831,289.37
64843,293.76
64854,289.02
64866,283.06
64877,281.3
64889,290.78
64900,298.14
64912,291.13
64923,278.15
64935,281.13
64946,292.53
64958,298.67
64969,289.37
64981,271.31
64992,269.73
65004,286.39
65015,296.39
65027,288.14
65038,269.91
65050,257.98
65061,257.28
65073,263.94
65084,261.84
65096,248.86
65107,246.76
65119,264.64
65130,269.38
65142,244.65
65153,220.8
65165,230.8
65176,257.28
65188,264.99
65199,249.21
65210,227.64
65222,224.48
65233,238.34
65245,243.07
65256,226.06
65268,216.77
65279,225.71
65291,241.14
65302,240.27
65314,226.41
65325,217.47
65337,230.09
65348,254.3
65360,276.74
65371,269.38
65383,252.19
65394,263.07
65406,283.94
65417,277.45
65429,251.49
65440,227.11
65452,244.3
65463,273.94
65475,278.67
65486,267.45
65498,263.42
65509,273.41
65521,275.17
65532,257.28
65544,228.52
65555,215.71
65567,220.98
65578,221.85
65590,199.93
65601,155.56
65613,132.23
65624,161.0
65636,195.72
65647,200.46
65659,163.45
65670,119.78
65682,100.32
65693,110.66
65705,119.61
65716,105.23
65728,82.6
65739,65.77
65751,61.38
65762,67.34
65774,67.34
65785,46.65
65797,53.14
65808,73.48
65819,69.62
65831,54.89
65842,51.21
65854,47.35
65865,31.92
65877,43.32
65888,69.8
65900,63.31
65911,38.41
65923,36.3
65935,45.77
65946,59.63
65957,72.61
65969,54.02
65980,38.06
65992,35.95
66003,43.14
66015,44.72
66026,46.83
66038,35.6
66049,26.13
66061,35.95
66072,43.84
66084,40.51
66095,39.46
66107,39.46
66118,32.62
66130,18.94
66141,23.33
66153,43.84
66164,50.51
66176,42.79
66187,44.02
66199,59.1
66210,72.43
66222,69.1
66233,53.49
66245,56.82
66256,76.64
66268,94.0
66279,96.11
66291,88.39
66302,71.55
66314,75.06
66325,111.72
66337,142.76
66348,130.48
66360,119.43
66371,141.88
66383,184.15
66394,183.8
66406,169.76
66417,184.32
66429,223.61
66440,253.42
66452,252.89
66463,242.2
66474,255.17
66486,294.81
66497,324.62
66509,341.63
66520,335.5
66532,320.24
66543,323.22
66555,341.63
66566,323.92
66578,277.27
66589,257.1
66601,280.78
66612,279.9
66624,248.51
66635,200.11
66647,201.86
66658,224.48
66670,223.08
66681,178.18
66693,145.91
66704,136.62
66716,145.21
66727,130.48
66739,92.77
66750,67.52
66762,70.33
66773,93.83
66785,110.49
66796,87.69
66808,62.96
66819,88.04
66831,128.9
66842,147.84
66854,139.07
66865,133.99
66877,129.43
66888,135.74
66900,160.82
66911,172.4
66923,176.43
66934,184.15
66946,191.86
66957,208.0
66969,217.12
66980,219.75
66992,215.01
67003,226.76
67015,246.76
67026,249.04
67038,230.27
67049,227.64
67060,243.07
67072,248.16
67083,247.81
67095,261.14
67106,263.24
67118,238.34
67129,216.59
67141,236.93
67152,263.59
67164,253.95
67175,228.69
67187,219.4
67198,228.87
67210,238.86
67221,242.2
67233,237.29
67244,239.92
67256,237.11
67267,220.45
67279,216.94
67290,232.02
67302,235.36
67313,230.8
67325,236.76
67336,235.71
67348,221.68
67359,221.68
67371,246.23
67382,256.58
67394,244.12
67405,224.48
67417,222.03
67428,226.94
67440,235.01
67451,230.27
67463,227.81
67474,242.55
67486,259.03
67497,257.98
67509,246.93
67520,243.6
67532,256.05
67543,269.38
67555,267.8
67566,257.1
67578,247.81
67589,262.71
67601,285.16
67612,285.69
67624,279.38
67635,279.38
67647,288.14
67658,292.53
67670,294.28
67681,291.65
67692,287.62
67704,296.74
67715,306.56
67727,303.75
67738,295.86
67750,292.18
67761,294.46
67773,306.73
67784,314.28
67796,290.25
67807,271.66
67819,295.16
67830,319.36
67842,314.45
67853,276.57
67865,250.44
67876,243.07
67888,261.49
67899,283.41
67911,280.95
67922,260.43
67934,233.95
67945,236.93
67957,270.43
67968,279.2
67980,247.81
67991,221.85
68003,236.06
68014,277.62
68026,284.11
68037,238.16
68049,207.82
68060,234.83
68072,261.84
68083,284.81
68095,264.82
68106,224.66
68118,202.03
68129,220.8
68141,253.95
68152,267.98
68164,231.85
68175,206.24
68187,218.7
68198,246.58
68210,255.17
68221,222.55
68233,188.0
68244,202.21
68256,233.6
68267,241.84
68279,230.62
68290,208.17
68301,206.07
68313,231.32
68325,256.23
68336,246.76
68347,212.03
68359,181.69
68370,198.0
68382,231.67
68393,244.48
68405,225.53
68416,196.42
68428,208.0
68439,246.23
68451,265.7
68462,238.86
68474,214.66
68485,212.03
68497,250.79
68508,274.64
68520,256.93
68531,222.55
68543,228.87
68554,277.27
68566,308.66
68577,299.02
68589,268.33
68600,260.79
68612,276.04
68623,303.4
68635,310.42
68646,276.74
68658,240.27
68669,242.37
68681,282.88
68692,322.34
68704,300.25
68715,260.26
68727,257.1
68738,278.32
68750,297.44
68761,285.86
68773,257.98
68784,250.09
68796,247.46
68807,250.09
68819,254.82
68830,262.19
68842,269.55
68853,267.8
68865,267.27
68876,275.69
68888,273.41
68899,256.23
68911,250.26
68922,264.29
68934,270.61
68945,258.16
68956,258.16
68968,261.66
68980,261.84
68991,261.84
69002,259.21
69014,258.33
69025,261.31
69037,259.03
69048,234.48
69060,220.45
69071,215.36
69083,229.22
69094,231.32
69106,236.58
69117,233.78
69129,213.78
69140,206.77
69152,219.4
69163,206.42
69175,182.04
69186,177.13
69198,195.72
69209,220.45
69221,231.5
69232,212.91
69244,173.62
69255,168.19
69267,203.96
69278,244.3
69290,233.95
69301,194.67
69313,163.98
69324,152.58
69336,172.22
69347,200.11
69359,210.45
69370,193.44
69382,174.5
69393,176.78
69405,182.57
69416,176.25
69428,153.63
69439,142.93
69451,163.98
69462,199.75
69474,211.86
69485,188.88
69497,161.87
69508,156.96
69520,201.68
69531,245.88
69543,263.07
69554,233.43
69566,205.54
69577,226.59
69589,265.7
69600,294.63
69612,294.63
69623,283.76
69635,286.39
69646,308.49
69657,329.88
69669,316.73
69680,272.54
69692,249.74
69703,253.77
69715,273.24
69726,253.95
69738,217.12
69749,168.36
69761,145.56
69772,132.41
69784,127.85
69795,129.08
69807,111.19
69818,69.98
69830,36.3
69841,15.78
69853,-5.61
69864,-27.36
69876,-35.6
69887,-41.56
69899,-51.03
69910,-39.11
69922,-14.38
69933,-8.42
69945,-22.8
69956,-12.1
69968,7.19
69979,37.18
69991,53.49
70002,24.9
70014,5.61
70025,40.16
70037,85.76
70048,98.56
70060,91.55
70071,84.18
70083,93.3
70094,131.88
70106,163.63
70117,161.7
70129,139.78
70140,138.72
70152,168.01
70163,177.48
70175,183.62
70186,179.24
70198,167.84
70209,165.21
70221,180.29
70232,178.18
70244,174.32
70255,191.69
70267,195.02
70278,198.53
70289,191.51
70301,180.64
70312,169.41
70324,154.68
70335,143.28
70347,145.04
70358,140.83
70370,155.21
70381,166.61
70393,159.24
70404,135.04
70416,113.82
70427,118.91
70439,142.23
70450,188.18
70462,218.17
70473,213.08
70485,185.9
70496,170.12
70508,208.87
70519,264.47
70531,291.3
70542,298.32
70554,300.42
70565,314.45
70577,337.78
70588,332.69
70600,312.0
70611,310.24
70623,339.71
70634,354.96
70646,309.72
70657,248.86
70669,173.62
70680,151.35
70692,179.41
70703,208.7
70715,194.84
70726,163.63
70738,131.18
70749,112.07
70761,98.39
70772,94.0
70784,83.65
70795,62.78
70807,69.27
70818,96.63
70830,106.8
70841,94.53
70853,94.18
70864,116.1
70876,153.1
70887,185.9
70899,205.72
70910,204.49
70922,198.7
70933,196.95
70945,204.67
70956,206.77
70968,206.94
70979,211.15
70991,208.87
71002,206.42
71013,208.17
71025,216.77
71036,228.17
71048,208.52
71059,189.41
71071,183.62
71082,199.93
71094,220.27
71105,227.46
71117,193.97
71128,162.05
71140,154.86
71151,197.83
71163,244.48
71174,250.44
71186,216.77
71197,198.7
71209,202.03
71220,229.39
71232,245.0
71243,220.98
71255,206.59
71266,220.98
71278,239.57
71289,225.71
71301,193.62
71312,169.76
71324,184.67
71335,203.09
71347,214.66
71358,180.46
71370,154.68
71381,166.08
71393,202.74
71404,243.6
71416,237.11
71427,196.42
71439,139.78
71450,159.24
71462,215.89
71473,249.04
71485,230.97
71496,188.0
71508,154.68
71519,166.08
71531,205.02
71542,227.11
71554,217.82
71565,233.43
71577,269.55
71588,262.36
71600,210.45
71611,168.89
71623,197.47
71634,242.02
71646,278.85
71657,282.71
71669,272.71
71680,267.1
71691,270.61
71703,300.25
71714,330.94
71726,354.44
71737,334.79
71749,316.91
71760,329.88
71772,337.95
71783,315.33
71795,290.25
71806,287.44
71818,276.57
71829,266.4
71841,282.88
71852,287.62
71864,242.55
71875,186.6
71887,143.63
71898,168.36
71910,196.95
71921,177.13
71933,106.63
71944,46.12
71956,27.36
71967,34.55
71979,41.56
71990,41.92
72002,45.25
72013,45.77
72025,59.98
72036,64.19
72048,42.44
72059,34.55
72071,68.75
72082,104.0
72094,113.47
72105,92.6
72117,90.14
72128,106.1
72140,132.06
72151,138.72
72163,171.87
72174,186.95
72186,170.47
72197,145.56
72209,158.37
72220,200.98
72232,221.85
72243,208.17
72255,214.14
72266,229.92
72278,231.85
72289,242.55
72301,278.67
72312,295.69
72324,283.76
72335,279.02
72347,286.74
72358,306.03
72370,311.82
72381,311.82
72393,312.0
72404,318.84
72416,325.85
72427,313.05
72439,306.56
72450,306.38
72461,296.21
72473,294.98
72485,313.4
72496,317.78
72507,288.32
72519,270.96
72530,276.57
72542,281.83
72553,281.48
72565,268.33
72576,263.77
72588,263.77
72599,260.96
72611,250.09
72622,231.15
72634,203.09
72645,199.05
72657,223.25
72668,229.39
72680,198.7
72691,161.52
72703,143.63
72714,141.88
72726,144.16
72737,137.14
72749,120.48
72760,119.43
72772,130.31
72783,125.04
72795,101.89
72806,81.55
72818,94.7
72829,115.4
72841,133.46
72852,126.8
72864,101.54
72875,84.71
72887,108.21
72898,138.02
72910,143.81
72921,138.55
72933,138.72
72944,149.25
72956,155.73
72967,154.86
72979,153.81
72990,157.14
73002,184.15
73013,213.96
73025,205.54
73036,185.72
73048,185.02
73059,213.61
73071,252.37
73082,263.24
73094,222.55
73105,170.99
73117,179.59
73128,217.29
73140,227.11
73151,198.18
73163,167.31
73174,150.3
73186,130.13
73197,119.61
73209,123.99
73220,128.73
73232,121.71
73243,117.85
73255,108.91
73266,91.72
73277,73.66
73289,54.19
73300,59.63
73312,87.51
73323,115.4
73335,123.11
73346,96.28
73358,73.31
73369,82.43
73381,137.5
73392,187.13
73404,185.55
73415,135.92
73427,107.33
73438,147.14
73450,191.86
73461,190.81
73473,152.4
73484,116.27
73496,118.2
73507,154.86
73519,167.31
73530,146.09
73542,127.15
73553,141.7
73565,149.6
73576,151.35
73588,139.95
73599,138.37
73611,146.79
73622,167.31
73634,153.45
73645,106.63
73657,102.6
73668,132.41
73680,165.21
73691,175.55
73703,196.6
73714,188.0
73726,168.19
73737,159.94
73749,170.12
73760,176.43
73772,193.09
73783,195.19
73795,164.85
73806,127.85
73818,131.71
73829,162.57
73841,196.25
73852,203.96
73864,182.74
73875,155.91
73887,162.05
73898,185.2
73910,174.68
73921,158.89
73933,155.73
73944,165.38
73956,164.33
73967,159.24
73979,161.7
73990,178.71
74002,195.55
74013,203.96
74025,193.44
74036,187.13
74048,189.06
74059,186.6
74071,182.22
74082,141.7
74094,133.99
74105,144.51
74117,170.12
74128,168.54
74140,153.81
74151,136.97
74162,120.31
74174,120.83
74185,119.61
74197,108.38
74208,102.24
74220,104.17
74231,92.07
74243,71.38
74254,66.47
74266,90.67
74277,117.33
74289,128.73
74300,133.46
74312,123.64
74323,102.07
74335,96.11
74346,104.17
74358,119.43
74369,129.78
74381,139.6
74392,149.77
74404,169.41
74415,195.37
74427,218.34
74438,230.8
74450,226.59
74461,199.58
74473,188.0
74484,220.45
74496,259.21
74507,253.77
74519,222.03
74530,194.84
74542,211.15
74553,248.33
74565,226.59
74576,164.85
74588,150.65
74599,180.29
74611,183.44
74622,110.49
74634,43.14
74645,22.27
74657,61.56
74668,117.5
74680,131.36
74691,82.43
74703,0.53
74714,-11.57
74726,56.12
74737,125.39
74749,102.6
74760,30.16
74772,13.5
74783,73.48
74795,99.96
74806,54.37
74818,13.85
74829,45.42
74841,111.36
74852,139.6
74864,89.09
74875,27.71
74887,8.94
74898,49.81
74910,95.58
74921,93.48
74933,62.78
74944,48.23
74956,62.61
74967,62.61
74979,66.64
74990,65.42
75002,65.42
75013,96.81
75025,110.49
75036,91.72
75048,24.9
75059,-1.23
75071,53.49
75082,119.26
75094,124.34
75105,78.39
75116,56.3
75128,67.52
75139,77.87
75151,43.14
75162,36.65
75174,79.97
75185,128.38
75197,105.05
75208,39.81
75220,-4.91
75231,-12.28
75243,33.5
75254,78.04
75266,105.05
75277,63.84
75289,41.39
75300,62.96
75312,96.46
75323,89.27
75335,54.54
75346,58.05
75358,102.07
75369,129.43
75381,93.48
75392,42.44
75404,50.16
75415,89.44
75427,115.4
75438,126.97
75450,109.44
75461,88.21
75473,79.45
75484,101.72
75496,110.14
75507,84.01
75519,55.07
75530,61.03
75542,73.31
75553,54.54
75565,45.25
75576,45.42
75588,81.02
75599,95.76
75611,71.03
75622,33.67
75634,14.56
75645,17.89
75657,29.64
75668,43.32
75680,47.35
75691,27.18
75703,-1.93
75714,-23.68
75726,-29.46
75737,-11.57
75749,15.43
75760,40.34
75772,36.13
75783,3.16
75795,-17.19
75806,-16.84
75818,3.51
75829,23.68
75841,26.83
75852,28.24
75864,27.18
75875,-0.7
75887,-15.08
75898,-5.79
75910,-0.35
75921,12.1
75933,41.56
75944,70.15
75956,60.86
75967,20.17
75979,-5.96
75990,3.33
76002,-2.28
76013,3.33
76025,38.58
76036,68.57
76048,80.5
76059,54.54
76071,23.33
76082,34.37
76094,56.12
76105,68.75
76117,68.4
76128,55.07
76140,19.29
76151,-21.92
76163,-51.74
76174,-43.49
76186,-32.27
76197,-35.25
76209,-18.59
76220,-17.19
76232,-56.12
76243,-74.89
76255,-81.37
76266,-59.63
76277,-59.63
76289,-68.05
76300,-82.6
76312,-82.6
76323,-94.0
76335,-88.04
76346,-56.65
76358,-37.36
76369,-30.34
76381,-35.25
76392,-49.81
76404,-50.86
76415,-54.54
76427,-41.92
76438,-31.57
76450,-56.65
76461,-88.57
76473,-107.51
76484,-86.64
76496,-49.46
76507,-25.61
76519,-26.48
76530,-34.37
76542,-49.46
76553,-92.77
76565,-76.82
76576,-45.25
76588,-28.94
76599,-37.0
76611,-31.92
76622,-29.29
76634,-60.15
76645,-76.11
76657,-70.15
76668,-29.99
76680,23.85
76691,32.44
76703,-52.96
76714,-127.67
76726,-109.79
76737,-55.07
76749,23.5
76760,6.49
76772,-76.46
76783,-122.59
76795,-91.9
76806,-20.17
76818,7.19
76829,-6.84
76841,-16.49
76852,-5.79
76864,18.77
76875,13.33
76887,-14.91
76898,-23.85
76910,36.48
76921,111.54
76933,126.27
76944,113.47
76956,85.23
76967,103.12
76979,114.0
76990,144.69
77002,142.76
77013,111.72
77025,88.04
77036,97.51
77048,108.56
77059,102.95
77071,94.0
77082,90.32
77094,86.29
77105,88.92
77117,97.69
77128,105.23
77140,76.64
77151,19.64
77163,0.53
77174,23.15
77186,41.39
77197,41.92
77209,32.27
77220,20.34
77232,4.38
77243,-22.27
77255,-40.86
77266,-40.16
77278,-24.9
77289,-7.54
77301,12.98
77312,9.65
77324,-21.92
77335,-58.05
77347,-80.15
77358,-56.3
77370,-45.07
77381,-63.66
77393,-54.02
77404,-46.65
77416,-28.41
77427,-50.51
77439,-69.45
77450,-89.44
77462,-62.61
77473,-20.69
77484,22.62
77496,42.44
77507,6.49
77519,-47.7
77530,-60.51
77542,-28.24
77553,2.46
77565,-0.53
77576,19.64
77588,78.39
77599,121.71
77611,86.81
77622,30.52
77634,18.94
77645,62.96
77657,126.27
77668,166.61
77680,189.58
77691,185.9
77703,148.9
77714,120.13
77726,131.88
77737,174.15
77749,182.04
77760,194.14
77772,244.3
77783,282.36
77795,263.59
77806,199.23
77818,137.14
77829,112.77
77841,148.72
77852,210.1
77864,228.69
77875,182.04
77887,101.72
77898,32.62
77910,44.72
77921,123.29
77933,156.79
77944,102.42
77956,52.61
77967,57.0
77979,57.17
77990,33.67
78002,-11.05
78013,-42.97
78025,-24.73
78036,17.89
78048,44.72
78059,24.73
78071,3.51
78082,10.35
78094,21.75
78105,25.25
78117,10.17
78128,-18.59
78140,-16.13
78151,31.74
78163,84.01
78174,52.26
78186,-4.91
78197,-54.89
78209,-13.68
78220,43.32
78232,71.73
78243,76.82
78255,71.55
78266,61.38
78278,47.53
78289,41.04
78301,52.61
78312,67.34
78324,79.27
78335,93.65
78347,113.64
78358,121.19
78370,106.98
78381,107.68
78393,130.66
78404,130.66
78416,115.05
78427,115.05
78439,139.6
78450,161.7
78462,139.6
78473,119.43
78485,126.27
78496,125.75
78508,119.26
78519,120.13
78531,138.72
78542,177.48
78554,204.31
78565,187.83
78577,156.44
78588,117.15
78600,130.31
78611,193.09
78623,228.17
78634,210.28
78646,155.38
78657,119.96
78669,120.83
78680,116.27
78692,91.55
78703,79.97
78715,103.47
78726,147.32
78738,160.12
78749,127.32
78761,60.33
78772,23.85
78784,45.95
78795,94.88
78807,119.26
78818,114.17
78830,104.35
78841,66.47
78853,27.36
78864,2.98
78876,8.94
78887,20.69
78899,38.41
78910,64.54
78922,64.19
78933,4.74
78945,-72.43
78956,-119.61
78968,-83.83
78979,-7.89
78990,38.23
79002,25.08
79014,-47.35
79025,-119.96
79036,-149.07
79048,-92.25
79059,-17.54
79071,23.68
79082,23.5
79094,23.33
79105,4.38
79117,-34.72
79128,-48.23
79140,-0.88
79151,50.51
79163,66.12
79174,49.46
79186,39.46
79197,34.9
79209,28.24
79220,54.54
79232,88.74
79243,116.1
79255,107.33
79266,92.77
79278,75.06
79289,69.27
79301,74.36
79312,98.21
79324,131.53
79336,151.88
79347,151.88
79358,166.43
79370,169.24
79381,163.28
79393,126.45
79404,129.78
79416,179.06
79427,175.55
79439,133.99
79450,98.21
79462,108.38
79473,135.74
79485,150.82
79496,127.15
79508,83.83
79519,66.82
79531,101.02
79542,129.25
79554,118.38
79565,47.7
79577,9.47
79588,28.59
79600,79.97
79611,72.61
79623,26.48
79635,17.89
79646,54.19
79657,79.1
79669,60.33
79680,31.57
79692,30.52
79703,60.68
79715,97.33
79726,119.26
79738,94.88
79749,66.12
79761,41.92
79772,77.87
79784,88.39
79795,115.57
79807,102.77
79818,87.51
79830,83.83
79841,95.41
79853,113.29
79864,119.43
79876,124.52
79887,106.1
79899,90.67
79910,80.85
79922,89.97
79933,98.39
79945,90.85
79956,65.06
79968,65.59
79979,92.25
79991,109.44
80002,91.02
80014,97.16
80025,120.48
80037,135.39
80048,119.08
80060,71.9
80071,58.93
80083,87.51
80094,136.09
80106,160.47
80117,150.82
80129,113.12
80140,87.16
80152,123.64
80163,196.25
80175,204.84
80186,140.13
80198,91.9
80209,111.54
80221,122.41
80232,90.67
80244,89.79
80255,118.03
80267,139.42
80278,174.15
80290,172.92
80301,119.26
80313,61.38
80324,57.7
80336,113.29
80347,164.85
80359,135.22
80370,52.96
80382,8.59
80393,28.06
80405,98.04
80416,136.62
80428,119.78
80439,68.4
80451,17.36
80462,30.16
80474,81.2
80485,88.74
80497,51.56
80508,31.92
80520,56.3
80531,92.25
80543,87.51
80554,39.81
80566,10.35
80577,53.31
80589,116.27
80600,162.4
80612,137.32
80623,84.53
80635,47.7
80646,99.09
80658,152.58
80669,164.15
80681,103.47
80692,65.59
80704,79.97
80715,130.13
80727,164.15
80738,150.47
80750,107.16
80761,94.0
80773,124.87
80784,145.39
80796,134.16
80807,93.13
80819,75.76
80830,74.01
80842,71.03
80853,61.21
80865,46.83
80876,59.28
80888,76.82
80899,64.01
80911,14.21
80922,-13.15
80934,0.7
80945,24.55
80957,33.67
80968,17.71
80980,-37.71
80991,-65.06
81003,-75.06
81014,-65.24
81026,-62.61
81037,-58.75
81049,-27.36
81060,-9.65
81072,-15.26
81083,-46.12
81095,-59.1
81106,-36.13
81118,12.28
81129,39.64
81141,11.22
81152,-34.55
81163,-49.11
81175,-3.68
81186,47.35
81198,71.73
81209,47.7
81221,32.27
81232,25.96
81244,52.26
81255,71.73
81267,57.87
81278,22.97
81290,7.54
81301,14.38
81313,39.28
81324,50.33
81336,32.62
81347,4.03
81359,-5.96
81370,-21.22
81382,-41.21
81393,-55.24
81405,-49.28
81416,-15.78
81428,31.04
81439,36.48
81451,-35.6
81462,-127.15
81474,-193.62
81485,-126.8
81497,-21.92
81508,19.47
81520,-86.46
81531,-235.36
81543,-290.6
81554,-203.09
81566,-50.68
81577,59.1
81589,84.88
81600,31.22
81612,-84.53
81623,-159.77
81635,-146.79
81646,-52.61
81658,39.46
81669,110.66
81681,135.04
81692,19.12
81704,-66.82
81715,-38.41
81727,93.3
81738,141.53
81750,142.06
81761,83.3
81773,27.01
81784,2.98
81796,8.24
81807,34.2
81819,81.73
81830,108.56
81842,79.1
81853,14.21
81865,-9.29
81876,30.52
81888,112.77
81899,169.94
81911,134.51
81922,45.95
81934,-3.51
81946,20.34
81957,59.8
81968,85.76
81980,86.99
81991,53.49
82003,-2.81
82014,-36.83
82026,-33.5
82037,-22.8
82049,-6.49
82060,34.9
82072,56.12
82083,9.29
82095,-62.08
82106,-111.36
82118,-69.45
82129,1.93
82141,45.07
82152,30.16
82164,-17.36
82175,-51.03
82187,-64.54
82198,-39.46
82210,7.37
82221,12.28
82233,-20.34
82244,-41.74
82256,-47.18
82267,-65.06
82279,-80.32
82290,-72.78
82302,-50.33
82313,-34.02
82325,-66.99
82336,-110.84
82348,-137.5
82359,-110.84
82371,-71.38
82382,-72.08
82394,-97.33
82405,-131.01
82417,-162.4
82428,-140.48
82440,-115.92
82451,-91.9
82463,-102.95
82474,-121.71
82486,-136.62
82497,-141.88
82509,-128.38
82520,-113.47
82532,-99.26
82543,-105.58
82555,-123.29
82566,-128.73
82578,-120.48
82589,-106.45
82601,-97.33
82612,-87.86
82624,-92.07
82635,-104.0
82647,-101.19
82658,-91.37
82670,-86.29
82681,-97.51
82693,-83.65
82704,-78.39
82716,-96.81
82727,-120.31
82739,-129.25
82750,-102.24
82762,-97.51
82773,-103.12
82785,-98.91
82796,-90.14
82808,-96.81
82819,-113.12
82831,-112.24
82842,-107.68
82854,-96.98
82865,-97.33
82877,-91.72
82888,-80.15
82900,-85.58
82911,-79.62
82923,-66.12
82934,-68.05
82946,-95.76
82957,-112.94
82969,-74.71
82980,-36.65
82992,-49.81
83003,-110.49
83015,-139.07
83026,-145.91
83038,-124.52
83049,-72.61
83061,-41.04
83072,-50.33
83084,-98.74
83095,-138.9
83107,-135.39
83118,-106.28
83130,-82.6
83141,-81.9
83153,-73.66
83164,-59.1
83176,-66.64
83187,-99.44
83199,-117.33
83210,-96.63
83222,-50.86
83233,27.88
83245,36.83
83256,-23.33
83268,-91.02
83279,-106.98
83291,-51.21
83302,15.78
83314,34.9
83325,-19.82
83337,-61.91
83348,-44.9
83360,-5.44
83371,11.22
83383,8.94
83394,-3.68
83406,1.93
83417,19.12
83429,18.24
83440,-18.06
83452,-21.05
83463,6.31
83475,31.04
83486,61.03
83498,46.83
83509,13.33
83521,-10.52
83532,21.4
83544,34.9
83555,41.74
83567,42.27
83578,33.67
83590,19.29
83601,9.12
83613,5.44
83624,15.61
83636,31.92
83647,54.54
83659,31.39
83670,6.84
83682,2.81
83693,19.47
83705,44.72
83716,52.44
83728,44.37
83739,44.72
83751,81.9
83762,84.18
83774,62.78
83785,42.27
83797,38.93
83808,61.56
83820,110.31
83831,125.22
83843,94.35
83854,62.08
83866,78.39
83877,122.94
83890,140.65
83900,103.65
83912,61.56
83923,81.37
83935,121.54
83946,134.34
83958,90.85
83969,65.42
83981,86.46
83992,127.32
84004,136.79
84015,118.91
84027,76.99
84038,43.84
84050,43.32
84061,60.68
84073,54.02
84084,28.59
84096,25.25
84107,35.43
84119,33.5
84130,10.0
84142,-19.12
84153,-35.78
84165,-24.2
84176,2.63
84188,-7.19
84199,-34.37
84211,-57.0
84222,-52.44
84234,-28.94
84245,1.58
84257,-25.43
84268,-64.01
84280,-60.15
84291,-20.87
84303,12.28
84314,-22.1
84326,-45.07
84337,-63.49
84349,-45.95
84360,10.7
84372,49.98
84383,11.75
84395,-60.86
84406,-77.34
84418,-34.9
84429,12.8
84441,24.38
84452,0.7
84464,7.54
84475,49.11
84487,46.3
84498,-24.55
84510,-81.73
84521,-38.76
84533,29.46
84544,48.4
84556,47.35
84567,14.21
84579,-26.31
84590,-33.85
84602,-26.83
84613,13.15
84625,31.92
84636,7.02
84648,-32.62
84659,-69.98
84671,-88.74
84682,-85.06
84694,-56.3
84705,-7.19
84717,-34.02
84728,-87.86
84740,-105.93
84751,-48.58
84763,-17.89
84774,-43.32
84786,-83.48
84797,-97.16
84809,-97.69
84820,-84.36
84832,-68.92
84843,-69.27
84855,-80.67
84866,-93.48
84878,-85.58
84889,-94.18
84901,-115.92
84912,-129.08
84924,-96.11
84935,-87.69
84947,-114.0
84958,-170.12
84970,-207.47
84981,-201.68
84993,-161.35
85004,-102.24
85016,-74.89
85027,-121.36
85039,-185.55
85050,-213.96
85062,-182.22
85073,-126.1
85085,-118.38
85096,-148.19
85108,-185.37
85119,-197.65
85131,-188.18
85142,-149.42
85154,-126.1
85165,-135.04
85177,-126.8
85188,-101.37
85200,-106.98
85211,-155.73
85223,-179.59
85234,-128.55
85246,-54.89
85257,-55.59
85269,-111.01
85280,-149.42
85292,-121.54
85303,-77.34
85314,-57.0
85326,-64.89
85338,-89.97
85349,-121.71
85361,-107.16
85372,-77.52
85384,-100.67
85395,-128.9
85407,-127.32
85418,-95.05
85429,-65.42
85441,-61.91
85453,-83.13
85464,-115.75
85475,-108.91
85487,-74.71
85498,-49.81
85510,-69.8
85521,-123.47
85533,-160.82
85545,-150.3
85556,-93.83
85567,-64.71
85579,-76.99
85591,-117.5
85602,-156.96
85613,-168.71
85625,-155.03
85636,-150.3
85648,-156.96
85660,-145.91
85671,-113.64
85683,-111.72
85694,-139.25
85706,-142.06
85717,-104.88
85728,-59.28
85740,-40.86
85751,-39.11
85763,-54.02
85775,-75.41
85786,-78.39
85798,-58.93
85809,-16.31
85820,17.19
85832,8.94
85843,-23.15
85855,-40.51
85866,-52.96
85878,-38.58
85889,-22.1
85901,4.38
85912,-10.0
85924,-25.96
85935,-40.34
85947,-44.2
85958,-52.96
85970,-42.44
85981,-27.88
85993,22.97
86004,29.99
86016,-10.35
86027,-65.24
86039,-45.95
86050,16.31
86062,34.02
86073,21.22
86085,-6.49
86096,-23.33
86108,-31.57
86119,-31.04
86131,-38.93
86142,-52.96
86154,-30.69
86165,2.63
86177,-12.63
86188,-77.34
86200,-138.02
86212,-133.99
86223,-106.1
86234,-80.5
86246,-104.35
86258,-147.49
86269,-171.52
86281,-152.23
86292,-105.93
86304,-84.71
86315,-111.72
86327,-145.56
86338,-143.28
86350,-107.16
86361,-74.71
86372,-88.74
86384,-115.92
86395,-120.66
86407,-110.49
86418,-96.63
86430,-75.59
86442,-66.12
86453,-39.46
86464,-19.29
86476,-29.64
86488,-78.92
86499,-112.07
86510,-101.37
86522,-64.54
86534,-46.83
86545,-65.42
86557,-81.02
86568,-86.64
86579,-70.33
86591,-37.18
86602,-12.45
86614,-18.06
86625,-50.16
86637,-89.27
86649,-100.14
86660,-91.72
86672,-74.01
86683,-60.15
86694,-62.78
86706,-79.8
86717,-90.14
86729,-73.31
86740,-47.88
86752,-40.86
86764,-70.68
86775,-100.32
86787,-114.52
86798,-113.12
86809,-107.33
86821,-106.8
86833,-105.05
86844,-89.62
86856,-80.15
86867,-101.54
86879,-120.13
86890,-117.15
86901,-112.42
86913,-117.68
86925,-131.53
86936,-131.53
86948,-127.67
86959,-135.57
86971,-139.95
86982,-140.83
86994,-139.95
87005,-147.67
87017,-170.64
87028,-177.83
87040,-153.1
87051,-149.77
87063,-184.85
87074,-209.4
87086,-203.79
87097,-206.94
87109,-199.58
87120,-177.66
87132,-175.55
87143,-212.91
87155,-230.8
87166,-212.03
87178,-185.72
87189,-191.34
87201,-226.24
87212,-245.7
87224,-228.69
87235,-212.91
87247,-231.15
87258,-234.83
87270,-206.24
87281,-197.47
87293,-227.29
87304,-244.3
87316,-222.2
87327,-191.16
87339,-167.84
87350,-161.7
87362,-176.08
87373,-203.79
87385,-206.59
87396,-168.54
87408,-125.04
87419,-115.22
87431,-145.04
87442,-153.98
87454,-126.97
87465,-114.52
87477,-135.22
87488,-156.09
87500,-129.43
87511,-95.23
87523,-118.2
87534,-141.7
87546,-146.62
87557,-133.46
87569,-118.91
87580,-109.44
87592,-127.85
87603,-140.65
87615,-140.65
87626,-121.36
87638,-79.27
87649,-91.02
87661,-125.39
87672,-121.71
87684,-88.92
87695,-85.76
87707,-111.01
87718,-124.34
87730,-120.13
87741,-134.16
87753,-164.68
87764,-181.34
87776,-182.57
87787,-181.69
87799,-184.85
87810,-213.78
87822,-267.8
87833,-302.35
87845,-326.2
87856,-308.84
87868,-303.58
87879,-328.83
87891,-346.9
87902,-357.77
87914,-368.47
87925,-387.76
87937,-388.46
87948,-377.06
87960,-368.82
87971,-371.1
87983,-371.1
87994,-350.58
88006,-360.58
88017,-360.58
88029,-352.86
88040,-323.92
88052,-276.92
88063,-284.29
88075,-327.43
88086,-350.05
88098,-306.38
88109,-231.5
88121,-177.83
88132,-183.44
88144,-219.57
88155,-203.44
88167,-146.62
88178,-135.39
88190,-183.09
88201,-234.13
88213,-198.53
88224,-116.98
88236,-59.1
88247,-103.12
88259,-180.99
88270,-184.15
88282,-126.97
88293,-69.8
88305,-101.89
88316,-167.84
88328,-194.67
88339,-146.44
88351,-89.27
88362,-109.79
88374,-169.59
88385,-193.97
88397,-175.55
88408,-155.38
88420,-158.72
88431,-153.28
88443,-166.08
88454,-193.97
88466,-193.97
88477,-245.53
88489,-285.86
88500,-286.04
88512,-252.02
88523,-225.53
88535,-245.35
88546,-321.99
88558,-383.37
88569,-366.71
88581,-305.68
88592,-286.74
88604,-303.05
88615,-319.19
88627,-329.01
88638,-347.42
88650,-344.44
88661,-306.91
88673,-246.58
88684,-212.91
88696,-214.84
88707,-247.98
88719,-266.05
88730,-239.74
88742,-194.14
88753,-155.91
88765,-136.09
88776,-138.72
88788,-161.7
88799,-183.44
88811,-177.66
88822,-133.99
88834,-91.37
88845,-78.74
88857,-123.64
88868,-167.84
88880,-198.53
88891,-168.01
88903,-105.75
88914,-70.68
88926,-100.32
88937,-172.92
88949,-221.68
88960,-225.53
88972,-200.46
88983,-202.03
88995,-238.51
89006,-261.14
89018,-251.49
89029,-233.43
89041,-233.43
89052,-282.18
89064,-303.05
89075,-300.95
89087,-279.2
89098,-262.89
89110,-274.47
89121,-299.02
89133,-321.82
89144,-324.97
89156,-307.44
89167,-287.62
89179,-296.74
89190,-325.5
89202,-337.25
89213,-300.95
89225,-250.26
89236,-253.07
89248,-291.48
89259,-295.33
89271,-275.87
89282,-265.17
89294,-263.42
89305,-281.3
89317,-284.29
89328,-261.49
89340,-227.81
89352,-223.43
89363,-240.27
89374,-244.12
89386,-225.18
89397,-205.19
89409,-197.65
89420,-213.96
89432,-254.47
89443,-290.42
89455,-294.28
89466,-256.58
89490,-235.01
89491,-239.04
89501,-273.41
89512,-276.92
89524,-276.92
89546,-290.6
89547,-321.47
89558,-334.09
89570,-329.88
89581,-335.32
89600,-349.35
89604,-335.5
89616,-319.71
89627,-323.04
89639,-333.22
89650,-294.81
89662,-257.98
89673,-278.15
89685,-310.07
89696,-275.52
89708,-212.21
89719,-205.89
89731,-232.9
89742,-239.39
89754,-218.52
89765,-173.45
89777,-146.44
89788,-156.61
89800,-172.57
89811,-162.57
89823,-127.15
89834,-110.31
89846,-123.64
89860,-174.32
89869,-211.86
89880,-194.49
89892,-141.88
89903,-112.42
89915,-153.28
89926,-197.47
89938,-246.4
89949,-272.01
89970,-255.7
89972,-225.36
89984,-206.94
89996,-221.5
90007,-257.45
90018,-310.07
90030,-328.83
90041,-290.6
90053,-259.73
90064,-259.56
90082,-268.15
90087,-279.55
90099,-320.41
90110,-350.4
90122,-331.11
90133,-290.95
90145,-263.59
90156,-245.18
90168,-242.2
90179,-268.33
90191,-307.96
90202,-312.7
90214,-281.3
90225,-249.39
90237,-260.08
90261,-267.27
90262,-274.82
90271,-273.59
90283,-277.97
90294,-273.59
90306,-258.33
90317,-246.58
90329,-271.13
90340,-289.9
90356,-272.54
90363,-252.89
90382,-250.44
90386,-263.42
90398,-270.61
90409,-274.47
90424,-295.86
90432,-292.7
90444,-273.76
90455,-278.5
90467,-296.21
90478,-294.11
90490,-285.34
90503,-294.63
90520,-303.23
90524,-297.61
90536,-286.39
90547,-299.02
90560,-314.45
90570,-314.45
90593,-310.42
90594,-327.08
90605,-337.07
90616,-311.65
90628,-262.71
90639,-248.68
90663,-275.34
90668,-297.44
90674,-263.24
90688,-218.52
90697,-168.01
90710,-178.53
90730,-220.1
90732,-252.19
90743,-222.03
90756,-148.37
90772,-109.26
90777,-119.61
90789,-115.57
90800,-90.49
90812,-84.53
90823,-78.92
90840,-76.99
90851,-87.16
90858,-89.27
90882,-77.69
90884,-77.52
90893,-94.88
90909,-114.17
90915,-109.96
90927,-109.96
90940,-118.38
90950,-129.08
90962,-129.08
90973,-127.5
90984,-153.98
90996,-212.38
91007,-252.02
91019,-253.07
91030,-242.2
91042,-250.61
91053,-279.2
91065,-292.7
91076,-296.04
91088,-309.37
91099,-323.22
91111,-337.78
91122,-348.3
91134,-348.3
91146,-343.04
91157,-349.53
91168,-358.65
91180,-364.08
91191,-358.47
91207,-351.81
91214,-351.81
91226,-326.38
91237,-317.78
91253,-335.85
91269,-339.0
91274,-327.96
91295,-322.69
91296,-321.47
91306,-324.8
91321,-336.02
91335,-331.64
91341,-299.02
91352,-261.66
91376,-243.95
91376,-268.68
91387,-314.98
91398,-332.87
91418,-298.67
91422,-257.63
91442,-251.84
91444,-268.68
91460,-283.94
91468,-276.22
91479,-259.38
91502,-234.83
91512,-230.09
91514,-252.02
91529,-264.47
91543,-248.86
91554,-227.99
91560,-222.73
91585,-238.86
91589,-244.3
91596,-230.27
91611,-221.85
91624,-240.09
91639,-242.72
91640,-229.04
91652,-210.28
91674,-197.65
91675,-207.82
91686,-221.68
91700,-240.97
91709,-251.84
91727,-238.34
91740,-213.26
91753,-200.81
91767,-213.26
91773,-240.27
91780,-257.45
91796,-272.01
91801,-265.52
91813,-237.29
91836,-215.36
91837,-223.61
91850,-240.27
91865,-273.76
91870,-294.98
91882,-280.43
91893,-273.06
91905,-284.29
91925,-290.95
91928,-278.15
91939,-269.73
91953,-264.99
91962,-297.09
91974,-347.07
91997,-355.49
91997,-307.09
92010,-284.81
92020,-317.26
92031,-364.26
92050,-379.34
92078,-376.18
92078,-371.27
92079,-362.15
92089,-324.27
92109,-284.81
92113,-243.6
92124,-240.79
92135,-266.75
92146,-283.06
92158,-237.64
92182,-134.69
92182,-128.9
92198,-133.81
92204,-170.99
92224,-150.47
92227,-96.98
92238,-67.87
92253,-53.84
92265,-10.52
92280,47.7
92293,66.29
92308,-4.03
92321,-118.2
92322,-180.11
92330,-140.65
92348,-59.8
92362,-50.51
92365,-129.08
92378,-202.74
92391,-214.84
92399,-141.18
92411,-59.63
92425,-69.1
92439,-165.56
92450,-217.99
92466,-205.72
92479,-189.93
92480,-205.89
92495,-247.98
92509,-279.55
92522,-260.43
92536,-228.87
92549,-229.92
92549,-264.12
92563,-280.43
92577,-276.22
92589,-242.55
92618,-177.48
92619,-200.11
92632,-284.81
92645,-326.9
92645,-250.61
92655,-161.87
92672,-168.01
92675,-202.56
92702,-206.77
92703,-140.13
92710,-70.15
92728,-70.15
92741,-96.11
92757,-135.22
92757,-119.08
92770,-79.8
92783,-38.76
92796,-62.43
92812,-107.68
92813,-95.41
92825,-21.75
92837,24.38
92848,5.61
92859,-27.88
92871,-2.1
92882,51.39
92894,37.0
92905,-33.32
92917,-75.06
92928,-34.02
92940,30.87
92951,75.94
92963,29.11
92974,-43.49
92986,-91.02
92997,-51.56
93009,2.46
93020,5.09
93032,-51.03
93043,-90.85
93055,-79.62
93066,-54.02
93078,-69.27
93089,-101.02
93101,-114.87
93112,-99.44
93124,-81.02
93135,-81.37
93147,-98.56
93158,-114.0
93170,-114.7
93181,-102.95
93193,-97.33
93204,-104.7
93216,-116.8
93227,-127.85
93239,-118.73
93250,-106.45
93262,-102.07
93273,-107.33
93285,-124.87
93296,-137.5
93308,-138.2
93319,-112.42
93331,-89.79
93342,-91.9
93354,-124.34
93365,-143.81
93377,-128.55
93388,-106.45
93400,-99.61
93411,-110.14
93423,-117.33
93435,-112.07
93446,-99.09
93457,-84.53
93469,-84.18
93480,-94.18
93492,-95.58
93503,-84.88
93516,-66.29
93526,-58.58
93538,-60.15
93549,-72.26
93561,-72.26
93572,-62.26
93584,-49.63
93595,-51.03
93607,-65.42
93619,-76.46
93630,-73.31
93641,-61.21
93653,-63.14
93664,-82.6
93676,-99.09
93687,-106.45
93699,-105.93
93710,-99.61
93722,-109.61
93733,-135.39
93745,-152.4
93756,-147.14
93768,-147.14
93779,-158.54
93791,-159.42
93802,-158.37
93814,-148.02
93825,-136.09
93837,-130.13
93848,-144.51
93860,-161.35
93871,-158.54
93883,-145.56
93894,-135.57
93906,-130.13
93917,-131.01
93929,-129.78
93940,-129.95
93952,-136.97
93963,-134.69
93975,-122.06
93986,-105.05
93998,-110.31
94009,-127.32
94021,-132.76
94032,-126.62
94044,-121.54
94055,-127.32
94067,-132.76
94078,-134.16
94090,-132.94
94101,-127.32
94113,-121.71
94124,-124.87
94136,-140.65
94147,-154.86
94159,-148.19
94170,-140.48
94182,-147.67
94193,-162.05
94205,-161.0
94216,-149.42
94228,-149.77
94240,-160.65
94262,-162.22
94263,-147.49
94274,-130.31
94285,-136.62
94297,-144.51
94309,-145.91
94320,-143.11
94332,-142.06
94343,-135.04
94355,-124.17
94366,-116.63
94378,-109.79
94389,-107.33
94401,-111.72
94412,-123.29
94424,-116.63
94435,-93.13
94447,-69.98
94458,-74.71
94470,-98.04
94481,-112.77
94493,-98.74
94504,-81.2
94516,-74.36
94527,-89.44
94540,-98.21
94550,-91.37
94562,-79.27
94573,-82.95
94585,-97.16
94596,-98.21
94608,-89.79
94619,-81.37
94631,-92.25
94642,-106.28
94654,-124.52
94665,-127.85
94677,-110.84
94688,-94.0
94700,-95.41
94711,-111.89
94723,-125.22
94734,-110.31
94746,-95.41
94757,-90.14
94769,-103.65
94780,-113.47
94792,-114.17
94803,-107.86
94815,-100.14
94826,-95.23
94838,-89.62
94849,-90.67
94861,-87.51
94872,-89.97
94884,-93.3
94895,-91.9
94907,-84.88
94918,-74.18
94930,-74.89
94941,-83.3
94953,-83.13
94964,-75.06
94976,-69.62
94987,-73.66
94999,-74.01
95010,-63.66
95022,-56.47
95033,-65.24
95045,-76.64
95056,-88.74
95068,-82.43
95079,-61.03
95091,-48.75
95102,-62.78
95114,-88.21
95125,-91.72
95137,-70.85
95148,-51.03
95160,-62.08
95171,-87.34
95183,-93.65
95194,-70.85
95206,-50.86
95217,-59.8
95229,-87.34
95240,-99.61
95252,-85.23
95263,-59.63
95275,-57.17
95286,-77.34
95298,-90.49
95309,-78.04
95321,-58.93
95332,-55.24
95344,-77.34
95355,-105.4
95367,-107.86
95378,-84.18
95390,-62.26
95401,-70.5
95413,-95.23
95424,-108.03
95436,-92.07
95447,-70.15
95459,-62.61
95470,-73.31
95482,-82.25
95493,-83.3
95505,-85.76
95516,-85.76
95528,-85.23
95539,-88.21
95551,-78.74
95564,-67.52
95574,-62.43
95585,-66.29
95597,-74.36
95608,-90.67
95620,-91.02
95631,-78.39
95643,-73.66
95654,-77.69
95666,-90.32
95677,-98.74
95689,-95.05
95700,-82.6
95712,-73.66
95723,-86.29
95735,-102.24
95746,-103.12
95758,-95.23
95769,-93.13
95781,-101.19
95792,-112.07
95804,-112.94
95815,-101.54
95827,-92.07
95838,-95.05
95850,-109.26
95861,-109.61
95873,-97.69
95884,-94.53
95896,-100.67
95907,-105.4
95919,-107.16
95930,-98.74
95942,-89.79
95953,-87.86
95965,-95.58
95976,-99.79
95988,-89.62
95999,-84.53
96011,-85.76
96022,-86.29
96034,-85.93
96045,-89.79
96057,-85.76
96068,-87.34
96080,-93.13
96091,-94.0
96103,-91.02
96114,-96.98
96126,-100.32
96137,-94.53
96149,-91.02
96160,-91.9
96172,-95.58
96183,-92.95
96195,-90.49
96206,-92.77
96218,-94.53
96229,-92.25
96241,-86.46
96252,-77.69
96264,-71.2
96275,-74.71
96287,-77.87
96298,-69.1
96310,-57.52
96321,-53.67
96333,-58.75
96344,-66.99
96356,-74.01
96367,-73.83
96379,-65.42
96390,-62.78
96402,-70.33
96413,-73.66
96425,-72.43
96436,-76.64
96448,-85.76
96459,-90.14
96471,-92.07
96482,-92.42
96494,-93.83
96505,-101.02
96517,-103.65
96529,-104.17
96540,-102.6
96552,-106.8
96563,-113.64
96574,-115.05
96586,-115.4
96598,-119.43
96609,-120.13
96621,-114.17
96632,-109.61
96644,-108.56
96655,-112.24
96667,-112.24
96678,-109.79
96690,-105.75
96701,-106.28
96713,-106.1
96724,-104.7
96736,-104.17
96747,-98.39
96759,-92.95
96770,-89.62
96782,-94.0
96793,-98.04
96805,-96.81
96816,-95.58
96828,-95.76
96839,-100.84
96851,-103.12
96862,-100.67
96874,-103.3
96885,-105.93
96897,-106.63
96908,-98.74
96920,-92.95
96931,-98.39
96943,-105.75
96954,-107.68
96966,-105.75
96977,-108.38
96989,-109.79
97000,-109.96
97012,-107.86
97023,-109.08
97035,-116.98
97046,-124.87
97058,-124.87
97069,-118.73
97081,-122.24
97092,-130.48
97104,-133.64
97115,-132.41
97127,-134.16
97138,-139.78
97150,-142.76
97161,-144.16
97173,-142.58
97184,-138.37
97196,-140.48
97207,-148.72
97219,-154.86
97230,-151.35
97242,-143.46
97253,-142.41
97265,-146.26
97276,-152.93
97288,-150.82
97299,-141.7
97311,-139.6
97322,-147.84
97334,-154.86
97345,-146.09
97357,-138.9
97368,-140.3
97380,-150.3
97391,-155.56
97403,-147.14
97414,-140.65
97426,-140.48
97437,-149.42
97449,-157.49
97460,-153.28
97472,-146.09
97483,-141.53
97495,-143.28
97506,-151.53
97518,-158.37
97529,-156.26
97541,-148.19
97552,-147.67
97564,-154.68
97575,-160.47
97587,-155.56
97598,-148.37
97610,-144.16
97621,-147.14
97633,-155.21
97644,-155.56
97656,-148.72
97667,-143.46
97679,-145.56
97690,-150.65
97702,-151.0
97713,-145.56
97725,-138.72
97736,-138.37
97748,-143.63
97759,-147.14
97771,-140.65
97782,-133.81
97794,-138.72
97805,-148.9
97817,-155.56
97828,-150.12
97840,-141.18
97851,-137.67
97863,-143.11
97874,-152.05
97886,-151.0
97897,-142.06
97909,-137.32
97920,-142.76
97932,-147.67
97943,-145.21
97955,-139.95
97966,-137.32
97978,-143.46
97989,-148.72
98001,-144.34
98012,-134.51
98024,-127.85
98035,-133.81
98047,-140.65
98058,-140.48
98070,-133.46
98081,-127.67
98093,-135.57
98104,-143.46
98116,-146.79
98127,-144.51
98139,-142.76
98150,-144.86
98162,-149.25
98173,-152.75
98185,-148.54
98196,-145.21
98208,-144.69
98219,-153.1
98231,-158.01
98242,-158.01
98254,-153.28
98265,-151.35
98277,-156.09
98288,-160.65
98300,-160.12
98311,-158.37
98323,-155.56
98334,-155.91
98346,-159.77
98357,-159.42
98369,-158.01
98380,-154.16
98392,-156.44
98403,-158.89
98415,-157.49
98426,-152.58
98438,-147.84
98449,-148.19
98461,-149.77
98472,-146.44
98484,-138.2
98495,-131.71
98507,-130.31
98518,-128.73
98530,-126.97
98541,-120.83
98553,-115.22
98565,-114.87
98576,-118.73
98588,-119.78
98599,-116.98
98611,-115.4
98622,-116.27
98633,-116.63
98645,-115.05
98657,-110.31
98668,-107.51
98680,-110.84
98691,-115.05
98703,-118.2
98714,-116.63
98726,-115.05
98737,-114.17
98749,-117.33
98760,-118.03
98772,-117.15
98783,-116.1
98795,-116.1
98806,-114.35
98818,-110.49
98829,-108.56
98841,-107.16
98852,-106.45
98864,-107.16
98875,-105.93
98887,-105.93
98898,-104.88
98910,-101.02
98921,-97.33
98933,-93.65
98944,-94.35
98956,-92.95
98967,-90.14
98979,-84.88
98990,-81.73
99002,-79.62
99013,-79.27
99025,-76.99
99036,-72.08
99048,-69.1
99059,-67.87
99071,-68.57
99082,-68.22
99094,-60.68
99105,-54.19
99117,-53.49
99128,-59.28
99140,-59.8
99151,-53.84
99163,-50.33
99174,-52.44
99186,-55.07
99197,-52.61
99209,-47.88
99220,-42.62
99232,-42.97
99243,-46.65
99255,-45.77
99266,-41.74
99278,-38.23
99289,-38.23
99301,-38.93
99312,-39.28
99324,-36.65
99335,-31.57
99347,-29.11
99358,-29.11
99370,-27.01
99381,-23.15
99393,-18.94
99404,-18.06
99416,-16.49
99427,-15.43
99439,-11.57
99450,-8.24
99462,-6.31
99473,-5.44
99485,-4.21
99496,-2.81
99508,-0.35
99519,1.23
99531,1.23
99542,1.93
99554,1.75
99565,0.0
99577,0.35
99588,-2.1
99600,-1.93
99611,-0.18
99623,-0.53
99634,-0.53
99646,-0.7
99657,1.4
99669,0.7
99680,-0.53
99692,1.75
99703,1.93
99715,0.35
99726,-0.18
99738,1.58
99749,2.46
99761,3.33
99772,4.21
99784,3.86
99795,5.26
99807,4.38
99818,1.75
99830,0.18
99841,1.93
99853,2.28
99864,-0.53
99876,-1.93
99887,-1.4
99899,-0.53
99910,0.35
99922,0.53
99933,-1.4
99945,-4.74
99956,-7.54
99968,-6.31
99979,-4.38
99991,-3.86
100002,-5.26
100014,-6.49
100025,-5.79
100037,-4.91
100048,-5.61
100060,-3.86
100071,-2.28
100083,-0.18
100094,0.88
100106,-1.93
100117,-4.21
100129,-3.68
100140,-2.81
100152,-1.4
100163,-1.4
100175,-2.81
100186,-5.09
100198,-5.79
100209,-3.51
100221,-0.18
100232,-0.18
100244,-1.05
100255,-2.46
100267,-2.98
100278,-4.21
100290,-4.03
100302,-3.16
100313,-1.58
100325,-2.46
100336,-4.21
100348,-3.33
100359,-3.51
100371,-2.98
100382,-2.28
100394,-1.75
100405,-1.4
100417,-1.05
100428,-2.1
100440,-2.28
100451,0.35
100463,2.98
100474,3.68
100486,4.03
100497,2.63
100509,1.05
100520,0.18
100532,2.28
100543,5.44
100555,4.74
100566,5.79
100578,8.07
100589,9.29
100601,8.59
100612,8.59
100624,6.14
100635,6.14
100647,7.37
100658,8.94
100670,7.02
100681,3.68
100693,2.28
100704,1.75
100716,-0.35
100727,-1.75
100739,-4.74
100750,-9.47
100762,-11.22
100773,-13.15
100785,-16.13
100796,-21.4
100808,-25.25
100819,-25.61
100831,-24.55
100842,-28.41
100854,-32.62
100865,-35.08
100877,-36.65
100888,-35.25
100900,-34.37
100911,-34.72
100923,-38.06
100934,-38.58
100946,-35.08
100957,-37.18
100969,-39.11
100980,-37.71
100992,-36.13
101003,-35.25
101015,-33.32
101026,-34.37
101038,-35.43
101049,-33.32
101061,-30.52
101072,-30.87
101084,-32.44
101095,-32.44
101107,-32.97
101118,-33.85
101130,-31.22
101141,-30.34
101153,-31.74
101164,-31.57
101176,-31.57
101187,-35.08
101199,-37.18
101210,-37.53
101222,-39.64
101233,-40.34
101245,-41.39
101256,-42.44
101268,-42.79
101279,-42.62
101291,-41.04
101302,-41.04
101314,-39.64
101325,-38.76
101337,-40.69
101348,-43.14
101360,-43.32
101371,-40.69
101383,-37.53
101394,-36.3
101406,-35.25
101417,-31.57
101429,-28.06
101440,-27.53
101452,-28.94
101463,-30.69
101475,-28.06
101486,-26.66
101498,-27.53
101509,-28.76
101521,-28.59
101532,-27.18
101544,-25.08
101555,-23.33
101567,-24.2
101578,-27.53
101590,-30.52
101601,-31.92
101613,-32.97
101624,-35.6
101636,-39.46
101647,-40.86
101659,-37.18
101670,-33.5
101682,-36.48
101693,-39.28
101705,-39.99
101716,-41.74
101728,-42.27
101739,-41.39
101751,-42.27
101762,-42.44
101774,-41.74
101785,-42.09
101797,-42.97
101809,-40.69
101820,-39.99
101832,-39.99
101843,-35.43
101854,-34.02
101866,-37.53
101878,-37.0
101889,-34.02
101901,-31.74
101912,-29.99
101924,-28.41
101935,-29.64
101947,-32.27
101958,-32.09
101970,-34.2
101981,-36.3
101993,-35.08
102004,-35.6
102016,-37.88
102027,-37.0
102039,-38.41
102050,-43.32
102062,-44.2
102073,-43.67
102085,-48.93
102096,-50.16
102108,-49.98
102119,-51.91
102131,-54.02
102142,-54.89
102154,-56.47
102165,-58.23
102177,-56.3
102188,-57.0
102200,-60.33
102211,-55.77
102223,-55.59
102234,-59.8
102246,-59.8
102257,-56.3
102269,-56.82
102280,-58.23
102292,-52.96
102303,-53.31
102315,-57.7
102326,-55.59
102338,-54.37
102349,-58.05
102361,-57.35
102372,-53.49
102384,-53.49
102395,-53.67
102407,-50.33
102418,-51.21
102430,-50.16
102441,-44.02
102453,-41.92
102464,-47.0
102476,-47.0
102487,-43.14
102499,-42.62
102510,-44.37
102522,-41.92
102533,-40.86
102545,-41.21
102556,-38.06
102568,-34.37
102579,-34.9
102591,-35.6
102602,-31.39
102614,-28.76
102625,-28.76
102637,-28.76
102648,-27.53
102660,-24.03
102671,-22.1
102683,-19.64
102694,-17.89
102706,-16.84
102717,-12.8
102729,-9.12
102740,-7.02
102752,-3.86
102763,-2.28
102775,-1.05
102786,0.7
102798,2.81
102809,2.81
102821,2.81
102832,4.91
102844,5.09
102855,3.68
102867,1.23
102878,2.28
102890,2.98
102901,2.98
102913,2.46
102924,-0.18
102936,-1.58
102947,-0.35
102959,0.18
102970,-1.05
102982,-2.46
102993,-3.33
103005,-4.56
103016,-1.58
103028,0.35
103039,-2.28
103051,-1.75
103062,2.1
103074,6.49
103085,9.82
103097,13.85
103108,13.15
103120,12.1
103131,14.03
103143,16.84
103154,15.08
103166,13.5
103177,18.94
103189,21.22
103200,20.34
103212,24.9
103223,26.66
103235,23.5
103246,23.5
103258,25.96
103269,25.25
103281,22.1
103292,20.17
103304,18.59
103315,15.61
103327,17.89
103338,22.27
103350,21.92
103361,18.24
103373,19.47
103384,22.62
103396,21.05
103407,22.45
103419,24.03
103430,22.8
103442,20.17
103453,23.15
103465,25.96
103477,23.15
103488,25.43
103500,28.94
103511,26.13
103523,22.45
103534,22.62
103546,19.12
103557,16.49
103569,21.05
103580,24.9
103592,21.92
103603,19.47
103615,18.59
103626,14.21
103638,12.45
103649,18.77
103661,19.47
103672,13.5
103684,15.96
103695,17.01
103707,13.68
103718,12.98
103730,19.47
103741,21.92
103753,19.29
103764,19.12
103776,18.41
103787,16.31
103799,18.59
103810,21.75
103822,19.29
103833,15.26
103845,18.24
103856,18.24
103868,17.89
103879,21.92
103891,22.62
103902,20.69
103914,21.22
103925,25.43
103937,22.97
103948,19.12
103960,23.15
103971,27.71
103983,27.88
103994,23.85
104006,20.34
104017,21.57
104029,28.41
104040,34.37
104052,32.62
104063,28.41
104075,29.64
104086,32.09
104098,30.69
104109,26.83
104121,28.24
104132,30.34
104144,30.69
104155,29.81
104167,27.01
104178,24.2
104190,25.43
104201,32.97
104213,37.88
104224,37.0
104236,38.93
104247,39.11
104259,36.83
104270,34.2
104282,35.08
104293,36.83
104305,36.65
104316,39.11
104328,38.58
104339,35.08
104351,35.78
104362,39.11
104374,37.36
104385,34.02
104397,37.71
104408,37.71
104420,33.5
104431,31.57
104443,29.11
104454,29.81
104466,34.72
104477,41.92
104489,42.27
104500,38.58
104512,40.86
104523,45.95
104535,46.3
104546,45.6
104558,49.46
104569,52.79
104581,55.77
104592,56.12
104604,52.61
104615,49.63
104627,53.49
104638,58.75
104650,60.86
104661,58.75
104673,59.63
104684,59.8
104696,58.23
104707,59.28
104719,62.26
104730,63.14
104742,63.14
104753,62.96
104765,58.4
104776,55.95
104788,58.93
104799,61.56
104811,61.21
104823,60.51
104834,62.78
104845,62.43
104857,60.86
104868,59.45
104880,55.07
104891,53.84
104903,55.59
104914,56.47
104926,52.26
104937,48.93
104949,51.39
104961,54.54
104972,54.54
104984,51.56
104995,48.93
105007,50.16
105018,56.12
105030,58.23
105041,52.26
105053,48.23
105064,49.63
105076,52.09
105087,54.19
105099,55.24
105110,56.82
105122,56.82
105133,56.47
105145,54.54
105156,51.03
105168,50.68
105179,54.02
105191,58.75
105202,59.1
105214,54.37
105225,48.4
105237,45.6
105248,49.46
105260,51.21
105271,47.53
105283,44.72
105294,46.65
105306,45.95
105317,41.92
105329,40.16
105340,41.56
105352,46.83
105363,50.86
105375,50.51
105386,47.35
105398,44.37
105409,44.55
105421,46.83
105432,48.75
105444,49.46
105455,50.16
105467,52.09
105478,55.42
105490,55.59
105501,51.91
105513,50.51
105524,54.54
105536,57.7
105547,56.12
105559,51.74
105570,50.68
105582,52.61
105593,56.47
105605,56.3
105616,54.19
105628,54.89
105639,55.59
105651,57.17
105662,55.59
105674,52.09
105685,50.68
105697,53.49
105708,57.35
105720,57.87
105731,56.47
105743,57.17
105754,60.33
105766,61.21
105777,58.75
105789,53.31
105800,49.81
105812,48.93
105823,49.63
105835,51.21
105846,51.74
105858,51.21
105869,53.31
105881,56.47
105892,58.05
105904,56.82
105915,56.3
105927,57.52
105938,56.65
105950,51.56
105961,48.4
105973,51.74
105985,55.24
105996,56.3
106007,54.89
106019,55.77
106030,59.45
106042,61.03
106053,59.63
106065,57.17
106076,55.07
106088,55.42
106099,56.82
106111,56.12
106122,52.96
106134,52.44
106145,55.42
106157,58.58
106168,56.65
106180,50.86
106191,52.61
106203,57.52
106214,60.33
106226,58.4
106237,54.89
106249,56.3
106260,59.8
106272,59.98
106284,55.95
106295,53.84
106307,54.89
106318,56.47
106330,57.17
106341,53.84
106353,50.86
106364,50.33
106376,53.49
106387,56.3
106399,54.54
106410,51.03
106422,51.03
106433,52.44
106445,50.68
106456,47.35
106468,46.12
106479,47.0
106491,47.0
106502,44.55
106514,42.62
106525,42.62
106537,44.37
106548,44.55
106560,42.79
106571,41.56
106583,41.39
106594,43.14
106606,43.49
106617,39.81
106629,37.0
106640,38.76
106652,42.44
106663,43.32
106675,38.58
106686,35.25
106698,38.58
106709,42.09
106721,41.21
106732,36.13
106744,34.37
106755,38.23
106767,39.99
106778,36.83
106790,33.85
106801,33.67
106813,34.9
106824,37.18
106836,36.3
106847,34.37
106859,31.04
106870,29.99
106882,34.02
106893,36.83
106905,33.5
106916,30.34
106928,31.57
106939,33.5
106951,34.2
106962,29.81
106974,26.83
106985,29.99
106997,34.55
107008,33.85
107020,31.39
107031,31.22
107043,33.32
107054,34.37
107066,32.62
107077,29.46
107089,28.59
107100,29.11
107112,28.76
107123,28.76
107135,28.94
107146,30.16
107158,31.92
107169,35.43
107181,37.18
107192,37.0
107204,37.0
107215,36.65
107227,37.18
107238,36.83
107250,37.71
107261,38.76
107273,42.09
107284,43.67
107296,41.92
107307,41.39
107319,41.56
107330,41.56
107342,38.76
107353,38.58
107365,36.48
107376,33.15
107388,32.27
107399,32.09
107411,31.04
107422,29.81
107434,31.57
107445,33.15
107457,33.32
107468,30.34
107480,26.83
107491,27.18
107503,29.64
107514,31.39
107526,34.02
107538,35.25
107549,37.0
107561,35.08
107572,35.95
107584,38.23
107595,41.56
107607,43.32
107618,43.14
107630,41.74
107641,40.51
107653,42.44
107664,43.67
107676,45.95
107687,45.95
107699,44.55
107710,44.9
107722,45.25
107733,44.02
107745,43.14
107756,44.2
107768,48.23
107779,51.21
107791,50.86
107802,50.16
107814,48.4
107825,47.88
107837,49.98
107848,47.88
107860,43.84
107871,42.97
107883,43.49
107894,43.67
107906,42.97
107917,38.93
107929,38.58
107940,40.16
107952,39.99
107963,34.9
107975,27.18
107986,24.55
107998,23.68
108009,22.27
108021,19.64
108032,15.78
108044,11.22
108055,9.47
108067,10.35
108078,7.19
108091,4.03
108101,1.75
108113,3.68
108124,5.79
108136,3.16
108147,1.93
108159,2.28
108170,6.14
108182,9.65
108193,11.4
108205,12.98
108216,12.63
108228,13.5
108239,16.31
108251,19.12
108262,21.22
108274,19.64
108285,19.12
108297,21.57
108308,25.25
108320,28.06
108331,27.18
108343,26.31
108354,27.18
108366,28.76
108377,27.18
108389,24.2
108400,20.17
108412,16.31
108423,15.08
108435,16.31
108446,15.78
108458,12.98
108469,10.35
108481,10.35
108492,13.15
108504,11.93
108515,9.65
108527,6.84
108538,8.59
108550,11.4
108561,8.42
108573,4.91
108584,3.86
108596,6.49
108607,9.47
108619,12.28
108630,12.63
108642,10.0
108653,8.59
108665,11.57
108677,14.03
108688,13.68
108699,12.45
108711,13.15
108723,14.91
108734,16.49
108746,13.85
108757,14.21
108769,18.06
108780,19.99
108792,19.99
108803,15.78
108815,13.85
108826,14.38
108838,17.01
108849,18.94
108861,19.47
108872,15.78
108884,13.5
108895,16.84
108907,18.94
108918,19.12
108930,17.54
108941,14.73
108953,16.84
108964,18.94
108976,19.82
108987,19.82
108999,22.1
109010,26.48
109022,27.36
109033,26.83
109045,27.36
109056,30.16
109068,34.02
109081,35.6
109091,35.43
109102,30.87
109114,30.16
109125,32.09
109137,34.02
109148,34.2
109160,31.74
109171,31.74
109183,34.02
109194,37.36
109206,37.53
109217,33.67
109229,34.37
109240,35.78
109252,35.78
109263,30.87
109275,26.83
109286,29.81
109298,35.08
109309,38.06
109321,35.08
109332,31.39
109344,30.69
109355,35.43
109367,38.58
109378,31.74
109390,27.53
109401,24.38
109413,24.55
109424,27.88
109436,26.48
109447,23.68
109459,23.68
109470,28.59
109482,28.94
109493,24.9
109505,22.27
109516,25.08
109528,28.06
109539,25.25
109551,22.97
109562,21.05
109574,22.1
109585,27.18
109597,29.46
109608,28.59
109620,33.15
109631,36.65
109643,38.06
109654,34.55
109666,32.27
109677,34.37
109689,40.86
109700,45.42
109712,45.77
109723,42.62
109735,43.49
109746,49.81
109758,53.14
109769,54.19
109781,52.79
109792,50.86
109804,51.74
109815,53.67
109827,51.21
109838,49.11
109850,49.28
109862,49.46
109873,48.23
109885,42.44
109896,40.69
109908,42.97
109919,46.83
109931,45.6
109942,43.84
109954,44.2
109965,45.07
109977,45.77
109988,47.0
110000,48.05
110011,49.63
110023,51.74
110034,50.51
110046,48.4
110057,50.33
110069,54.19
110080,57.35
110092,58.93
110103,59.63
110115,58.23
110126,57.7
110138,59.98
110149,59.45
110161,57.35
110172,57.87
110184,59.98
110195,59.1
110207,59.98
110218,60.68
110230,62.61
110241,61.73
110253,60.68
110264,62.61
110276,59.63
110287,57.52
110299,57.52
110310,57.52
110322,56.3
110333,53.84
110345,54.89
110356,58.23
110368,57.0
110379,53.49
110391,52.79
110402,55.24
110414,53.14
110425,47.7
110437,45.25
110448,48.23
110460,52.26
110471,51.91
110483,53.67
110494,55.59
110506,52.96
110517,49.98
110529,52.09
110540,55.24
110552,54.54
110563,54.54
110575,56.82
110586,59.8
110598,57.87
110609,54.02
110621,56.12
110632,58.93
110644,58.05
110655,56.3
110667,56.12
110678,53.31
110690,48.4
110701,47.18
110713,50.33
110724,52.79
110736,50.51
110747,47.18
110759,43.32
110770,40.34
110782,41.39
110793,41.74
110805,42.44
110816,44.9
110828,45.77
110839,48.23
110851,48.23
110862,47.53
110874,47.0
110885,49.28
110897,53.14
110908,54.02
110920,53.49
110932,55.42
110943,59.45
110955,62.26
110966,63.66
110978,67.7
110989,70.15
111001,72.08
111012,72.61
111024,71.73
111035,69.98
111047,70.85
111058,75.59
111070,77.69
111081,76.29
111093,75.59
111104,78.92
111116,79.62
111127,79.45
111139,76.82
111150,77.17
111162,79.27
111173,78.92
111185,75.41
111196,74.01
111208,74.89
111219,78.39
111231,81.37
111242,77.87
111254,71.03
111265,69.62
111277,71.03
111288,71.9
111300,69.8
111311,63.49
111323,61.91
111334,64.36
111346,66.12
111357,60.68
111369,54.54
111380,55.24
111392,58.93
111403,56.65
111415,49.28
111426,43.32
111438,41.04
111449,44.72
111461,49.46
111472,48.05
111484,43.67
111495,41.04
111507,43.84
111518,48.93
111530,50.51
111541,49.28
111553,48.05
111564,53.14
111576,59.63
111587,60.68
111599,56.12
111610,56.47
111622,63.49
111633,68.4
111645,68.57
111656,66.47
111668,65.42
111679,68.92
111691,71.55
111702,71.55
111714,69.27
111725,69.98
111737,74.36
111748,78.57
111760,80.32
111771,81.2
111783,80.85
111794,83.48
111806,86.11
111817,86.11
111829,84.18
111840,85.58
111852,90.32
111863,95.05
111875,94.18
111886,89.97
111898,92.95
111909,97.16
111921,100.49
111932,102.6
111944,102.6
111955,103.3
111967,105.23
111978,106.8
111990,107.51
112001,106.98
112013,110.49
112024,112.94
112036,113.82
112048,114.17
112059,114.87
112071,114.35
112082,113.82
112094,114.52
112105,114.87
112117,117.33
112128,116.27
112140,111.19
112151,106.98
112163,106.1
112174,108.38
112186,108.73
112197,108.03
112209,106.63
112220,105.93
112232,106.98
112243,107.16
112255,105.23
112266,101.89
112278,99.44
112289,101.37
112301,105.4
112312,105.75
112324,104.17
112335,104.52
112347,103.3
112358,104.17
112370,103.65
112381,101.19
112393,99.44
112404,97.51
112416,97.51
112427,98.21
112439,98.91
112450,99.44
112462,99.61
112473,100.32
112485,101.89
112496,103.82
112508,101.72
112519,98.91
112531,96.11
112542,94.53
112554,95.76
112565,97.51
112577,97.51
112588,96.11
112600,94.53
112611,95.58
112623,95.05
112634,93.13
112646,89.27
112657,88.57
112669,87.86
112680,87.86
112692,88.04
112703,86.99
112715,84.88
112726,84.01
112738,85.23
112749,87.86
112761,90.49
112772,93.13
112784,95.23
112795,95.76
112807,96.98
112818,98.56
112830,97.86
112841,97.33
112853,98.74
112864,98.91
112876,99.96
112887,101.89
112899,99.79
112910,99.96
112922,102.77
112933,105.4
112945,104.17
112956,100.67
112968,98.39
112979,95.76
112991,95.05
113002,96.81
113014,98.04
113025,96.28
113037,96.81
113048,99.61
113060,100.67
113071,99.09
113083,98.56
113094,96.98
113106,96.63
113117,95.05
113129,92.95
113140,90.32
113152,91.72
113163,94.35
113175,94.53
113187,92.25
113198,88.21
113210,85.06
113221,82.43
113233,82.78
113244,83.3
113256,79.8
113267,76.11
113279,75.24
113290,73.83
113302,69.8
113313,65.94
113325,65.77
113336,61.73
113348,58.93
113359,54.19
113371,48.75
113382,42.27
113394,40.34
113405,39.28
113417,35.78
113428,30.52
113440,26.13
113451,23.68
113463,21.92
113474,20.69
113486,18.94
113497,15.43
113509,15.26
113520,18.06
113532,17.71
113543,18.06
113555,20.69
113566,22.97
113578,23.68
113589,27.36
113601,31.22
113612,32.97
113624,31.74
113635,33.85
113647,35.95
113658,36.48
113670,37.36
113681,38.06
113693,36.3
113704,37.36
113716,41.92
113727,44.9
113739,45.07
113750,46.83
113762,47.35
113773,43.32
113785,42.44
113796,43.14
113808,40.86
113819,39.99
113831,43.14
113842,45.07
113854,42.09
113865,40.16
113877,41.04
113888,40.16
113900,40.86
113911,41.04
113923,39.28
113934,36.65
113946,35.95
113957,36.48
113969,36.65
113980,38.58
113992,42.62
114003,44.2
114015,42.62
114026,43.32
114038,45.77
114049,44.9
114061,44.9
114072,47.35
114084,46.47
114095,45.07
114107,46.3
114118,49.98
114130,48.93
114141,48.58
114153,49.28
114164,47.35
114176,47.0
114187,48.75
114199,49.28
114210,48.58
114222,48.93
114233,50.16
114245,49.28
114257,49.11
114268,50.86
114279,52.26
114291,51.03
114303,53.31
114314,56.3
114326,55.42
114337,55.24
114349,55.95
114360,58.05
114372,56.82
114383,55.95
114395,56.65
114406,53.84
114418,52.61
114429,54.37
114441,55.59
114452,52.96
114464,51.91
114475,53.14
114487,50.51
114498,50.51
114510,50.51
114521,50.68
114533,49.11
114544,49.46
114556,49.98
114567,47.53
114579,46.65
114590,47.53
114602,46.47
114613,44.55
114625,42.97
114636,43.84
114648,42.97
114659,42.62
114671,44.2
114682,46.3
114694,46.65
114705,48.05
114717,48.23
114728,44.72
114740,42.44
114751,42.09
114763,42.79
114774,41.92
114786,41.92
114797,42.79
114809,43.49
114820,44.02
114832,45.07
114843,44.55
114855,42.62
114866,44.37
114878,46.65
114889,44.02
114901,42.79
114912,42.44
114924,41.92
114935,42.09
114947,43.32
114958,43.49
114970,40.51
114981,41.92
114993,45.42
115004,45.95
115016,44.55
115027,45.42
115039,46.3
115050,42.44
115062,40.34
115073,40.51
115085,39.81
115096,38.41
115108,38.76
115119,40.16
115131,39.64
115142,38.41
115154,38.58
115165,38.93
115177,38.76
115188,38.41
115200,37.53
115211,34.55
115223,33.5
115234,34.55
115246,34.37
115257,35.08
115269,35.43
115280,34.37
115292,31.92
115303,31.74
115315,34.2
115326,33.67
115338,33.67
115349,36.48
115361,37.71
115372,35.95
115384,36.83
115395,37.71
115407,39.11
115418,39.64
115430,38.93
115442,38.06
115453,36.3
115465,37.0
115476,38.93
115488,39.46
115499,38.76
115511,38.76
115522,37.71
115534,35.08
115545,34.9
115557,34.2
115568,34.9
115580,38.06
115591,39.99
115603,38.58
115614,36.83
115626,36.65
115637,39.46
115649,40.69
115660,42.09
115672,41.56
115683,41.21
115695,39.28
115706,40.51
115718,41.39
115729,41.39
115741,42.27
115752,44.2
115764,45.25
115775,42.44
115787,39.28
115798,37.53
115810,35.78
115821,34.55
115833,34.72
115844,34.9
115856,32.8
115867,32.27
115879,32.97
115890,30.69
115902,31.39
115913,33.67
115925,36.3
115936,37.36
115948,38.23
115959,36.65
115971,34.55
115982,35.78
115994,38.41
116005,40.51
116017,41.56
116028,44.72
116040,47.88
116051,49.46
116063,51.39
116074,53.31
116086,52.44
116097,52.44
116109,52.09
116120,52.61
116132,50.68
116143,49.11
116155,48.93
116166,47.0
116178,44.37
116189,43.32
116201,42.62
116212,38.93
116224,37.71
116235,37.71
116247,36.13
116258,32.97
116270,31.04
116281,29.81
116293,29.11
116304,30.52
116316,33.32
116327,33.32
116339,32.62
116350,32.62
116362,33.32
116373,34.9
116385,36.65
116396,39.64
116408,38.93
116419,39.64
116431,40.34
116442,40.69
116454,39.81
116465,39.46
116477,41.92
116488,41.92
116500,43.32
116511,44.37
116523,43.67
116534,41.39
116546,41.21
116557,42.44
116569,41.04
116580,40.69
116592,41.92
116603,42.44
116615,42.44
116626,44.55
116638,47.0
116650,46.3
116661,45.95
116673,46.47
116684,44.2
116696,41.92
116707,39.64
116719,40.34
116730,39.99
116742,39.81
116753,40.51
116765,41.21
116776,41.56
116788,44.2
116799,45.77
116811,44.55
116822,44.55
116834,43.14
116845,40.16
116857,36.3
116868,36.3
116880,36.83
116891,36.13
116903,38.41
116914,40.86
116926,40.16
116937,38.93
116949,39.11
116960,39.46
116972,38.76
116983,38.93
116995,36.83
117006,35.78
117018,36.3
117029,37.88
117041,40.34
117052,43.67
117064,44.9
117075,47.7
117087,51.21
117098,54.37
117110,54.54
117121,56.3
117133,58.75
117144,61.21
117156,65.42
117167,67.34
117179,68.75
117190,72.08
117202,75.94
117213,80.32
117225,82.43
117236,83.83
117248,84.71
117259,86.11
117271,88.57
117282,88.57
117294,85.93
117305,85.06
117317,87.69
117328,88.39
117340,86.99
117351,86.29
117363,84.36
117374,81.73
117386,81.2
117397,80.15
117409,75.24
117420,69.27
117432,66.99
117443,65.77
117455,60.15
117466,56.12
117478,54.89
117489,52.44
117501,52.61
117512,53.14
117524,51.39
117535,47.7
117547,48.4
117558,49.46
117570,47.53
117581,46.65
117593,45.42
117609,43.49
117616,43.32
117627,45.6
117639,47.53
117650,44.72
117662,46.65
117673,49.81
117685,48.58
117696,46.65
117708,48.23
117719,49.81
117731,49.98
117742,51.39
117754,51.39
117765,48.23
117777,46.65
117788,47.88
117800,48.75
117811,48.4
117823,49.98
117834,50.51
117846,46.47
117857,45.07
117869,46.65
117880,45.07
117892,45.6
117904,47.53
117915,46.12
117927,43.32
117938,42.97
117950,44.2
117961,45.25
117973,44.55
117984,46.83
117996,48.58
118007,46.3
118019,45.95
118030,46.65
118042,47.7
118053,49.63
118065,51.74
118076,50.86
118088,47.88
118099,45.77
118111,48.4
118122,49.11
118134,49.46
118145,49.28
118157,49.28
118168,45.77
118180,46.12
118191,48.4
118203,48.4
118214,50.51
118226,52.44
118237,53.14
118249,49.81
118260,48.75
118272,49.81
118283,50.86
118295,52.96
118306,56.12
118318,56.47
118329,54.37
118341,55.24
118352,58.75
118364,59.45
118375,61.73
118387,64.54
118398,63.66
118410,58.75
118421,57.52
118433,59.63
118444,58.93
118456,59.45
118467,62.61
118479,62.61
118490,59.63
118502,58.4
118513,60.51
118525,60.86
118536,61.73
118548,63.31
118559,61.91
118571,60.86
118582,60.33
118594,59.98
118605,57.0
118617,58.23
118628,61.56
118640,62.08
118651,62.26
118663,62.78
118674,63.49
118686,64.01
118697,65.77
118709,68.05
118720,66.99
118732,64.89
118743,66.29
118755,68.4
118766,66.12
118778,64.19
118789,67.17
118801,68.22
118812,68.22
118824,68.57
118835,67.17
118847,62.26
118858,61.38
118870,63.66
118881,63.84
118893,61.03
118904,60.86
118916,62.78
118927,61.73
118939,61.56
118950,62.61
118962,61.03
118973,61.91
118985,64.89
118996,65.06
119008,62.96
119019,63.84
119031,66.29
119042,66.29
119054,66.29
119065,66.47
119077,65.24
119088,61.21
119100,62.78
119111,66.47
119123,64.01
119134,62.26
119146,62.78
119157,61.56
119169,58.93
119180,57.35
119192,58.58
119203,55.59
119215,54.02
119227,53.67
119238,51.91
119250,50.33
119261,50.86
119273,55.24
119284,55.77
119296,55.59
119307,55.59
119319,55.24
119330,53.67
119342,52.79
119353,55.07
119365,55.24
119376,57.0
119388,59.45
119399,58.93
119411,59.1
119422,61.21
119434,65.24
119445,64.71
119457,63.31
119468,66.29
119480,65.77
119491,63.84
119503,66.82
119514,69.27
119526,67.34
119537,68.4
119549,73.13
119560,73.48
119572,73.48
119583,74.89
119595,77.69
119606,75.76
119618,74.71
119629,77.69
119641,77.87
119652,77.69
119664,77.69
119675,77.34
119687,74.89
119698,74.89
119710,74.54
119721,72.78
119733,72.26
119744,74.89
119756,74.18
119767,69.98
119779,67.7
119790,68.4
119802,65.94
119813,64.54
119825,66.12
119836,66.29
119848,62.08
119859,61.91
119871,65.59
119882,64.54
119894,64.36
119905,67.7
119917,69.8
119928,67.7
119940,67.52
119951,69.27
119963,68.57
119974,69.1
119986,70.15
119997,68.75
120009,66.29
120020,66.64
120032,67.87
120043,65.42
120055,66.47
120066,69.62
120078,70.5
120089,68.4
120101,68.4
120112,69.98
120124,67.34
120135,68.22
120147,69.45
120158,68.57
120170,67.17
120181,68.4
120193,72.43
120204,74.01
120216,76.46
120227,79.62
120239,80.32
120250,80.85
120262,81.02
120273,80.15
120285,75.41
120296,75.76
120308,77.34
120319,74.89
120331,73.31
120342,74.71
120354,76.11
120365,75.24
120377,74.01
120388,75.24
120400,73.31
120412,70.15
120423,72.26
120435,73.83
120446,71.2
120458,68.4
120469,69.1
120481,68.4
120492,68.92
120504,71.38
120515,74.18
120527,73.48
120538,73.83
120550,75.76
120561,75.76
120573,75.24
120584,77.52
120596,79.1
120607,77.52
120619,78.22
120630,75.76
120642,72.96
120653,73.83
120665,76.64
120676,79.8
120688,78.57
120699,79.45
120711,82.78
120722,79.97
120734,78.57
120745,80.85
120757,82.08
120768,79.97
120780,78.92
120791,82.08
120803,80.85
120814,80.15
120826,81.73
120837,83.13
120849,81.9
120860,82.08
120872,85.41
